{"cameraMode":{"drawMode":0,"name":"Shaded","section":"Shading Mode"},"sceneLighting":true,"audioPlay":false,"sceneViewState":{"m_AlwaysRefresh":true,"showFog":true,"showSkybox":true,"showFlares":true,"showImageEffects":true,"showParticleSystems":true,"showVisualEffectGraphs":true,"m_FxEnabled":true},"in2DMode":false,"pivot":{"x":0.6470135450363159,"y":-0.014578938484191895,"z":-0.4549494981765747},"rotation":{"x":-0.0524173229932785,"y":0.9475769996643066,"z":-0.22467902302742005,"w":-0.22106851637363435},"size":2.8400776386260988,"orthographic":false}