{"cameraMode":{"drawMode":0,"name":"Shaded","section":"Shading Mode"},"sceneLighting":true,"audioPlay":false,"sceneViewState":{"m_AlwaysRefresh":true,"showFog":true,"showSkybox":true,"showFlares":true,"showImageEffects":true,"showParticleSystems":true,"showVisualEffectGraphs":true,"m_FxEnabled":true},"in2DMode":false,"pivot":{"x":-0.00774383544921875,"y":1.3198187351226807,"z":1.8416441679000855},"rotation":{"x":0.18138766288757325,"y":-0.736315906047821,"z":0.21397288143634797,"w":0.6169593334197998},"size":3.634902238845825,"orthographic":false}