{"cameraMode":{"drawMode":0,"name":"Shaded","section":"Shading Mode"},"sceneLighting":true,"audioPlay":false,"sceneViewState":{"m_AlwaysRefresh":true,"showFog":true,"showSkybox":true,"showFlares":true,"showImageEffects":true,"showParticleSystems":true,"showVisualEffectGraphs":true,"m_FxEnabled":true},"in2DMode":false,"pivot":{"x":-2.245614528656006,"y":3.5896458625793459,"z":-7.374964237213135},"rotation":{"x":-0.27049732208251955,"y":-0.17281357944011689,"z":0.052911434322595599,"w":-0.9464090466499329},"size":0.6237272024154663,"orthographic":false}