{"cameraMode":{"drawMode":0,"name":"Shaded","section":"Shading Mode"},"sceneLighting":true,"audioPlay":false,"sceneViewState":{"m_AlwaysRefresh":true,"showFog":true,"showSkybox":true,"showFlares":true,"showImageEffects":true,"showParticleSystems":true,"showVisualEffectGraphs":true,"m_FxEnabled":true},"in2DMode":false,"pivot":{"x":0.6379584074020386,"y":0.2902836799621582,"z":17.49281883239746},"rotation":{"x":0.050678543746471408,"y":0.014976732432842255,"z":-0.0006131845875643194,"w":0.9986820220947266},"size":8.908687591552735,"orthographic":false}