{"cameraMode":{"drawMode":0,"name":"Shaded","section":"Shading Mode"},"sceneLighting":true,"audioPlay":false,"sceneViewState":{"m_AlwaysRefresh":true,"showFog":true,"showSkybox":true,"showFlares":true,"showImageEffects":true,"showParticleSystems":true,"showVisualEffectGraphs":true,"m_FxEnabled":true},"in2DMode":false,"pivot":{"x":-4.145301818847656,"y":-0.027596473693847657,"z":1.5523309707641602},"rotation":{"x":0.021107498556375505,"y":-0.9468675255775452,"z":0.3149116635322571,"w":0.0665631964802742},"size":5.977447032928467,"orthographic":false}