{"cameraMode":{"drawMode":0,"name":"Shaded","section":"Shading Mode"},"sceneLighting":true,"audioPlay":false,"sceneViewState":{"m_AlwaysRefresh":true,"showFog":true,"showSkybox":true,"showFlares":true,"showImageEffects":true,"showParticleSystems":true,"showVisualEffectGraphs":true,"m_FxEnabled":true},"in2DMode":false,"pivot":{"x":0.3110065460205078,"y":0.08476221561431885,"z":0.4031909704208374},"rotation":{"x":-0.23522821068763734,"y":0.5495938062667847,"z":-0.16479070484638215,"w":-0.7845145463943481},"size":1.5910176038742066,"orthographic":false}